first_name,last_name,email,status
Dennis,Reynolds,dennis.reynolds@sunny.com,current
Dee,Reynolds,dee.reynolds@sunny.com,former
Charlie,Kelly,charlie.kelly@sunny.com,current
Mac,Mac,mac.mac@sunny.com,former
Frank,Reynolds,frank.reynolds@sunny.com,current
The,Waitress,the.waitress@sunny.com,former
Artemis,Dubois,artemis.dubois@sunny.com,current
Rickety,Cricket,rickety.cricket@sunny.com,current
The,Nightman,the.nightman@sunny.com,former
